tract_fips,tract_name,town,county,town_fips
"09003405700",Census Tract 4057,Bristol,Hartford,"0900308490"
"09003510200",Census Tract 5102,East Hartford,Hartford,"0900322630"
"09003510400",Census Tract 5104,East Hartford,Hartford,"0900322630"
"09015901100",Census Tract 9011,Woodstock,Windham,"0901588190"
"09003510300",Census Tract 5103,East Hartford,Hartford,"0900322630"
"09003492400",Census Tract 4924,Wethersfield,Hartford,"0900384900"
"09003405200",Census Tract 4052,Bristol,Hartford,"0900308490"
"09003415300",Census Tract 4153,New Britain,Hartford,"0900350440"
"09003492500",Census Tract 4925,Wethersfield,Hartford,"0900384900"
"09003494100",Census Tract 4941,Newington,Hartford,"0900352140"
"09003494201",Census Tract 4942.01,Newington,Hartford,"0900352140"
"09003494202",Census Tract 4942.02,Newington,Hartford,"0900352140"
"09003494300",Census Tract 4943,Newington,Hartford,"0900352140"
"09003510700",Census Tract 5107,East Hartford,Hartford,"0900322630"
"09003510900",Census Tract 5109,East Hartford,Hartford,"0900322630"
"09003510800",Census Tract 5108,East Hartford,Hartford,"0900322630"
"09003502300",Census Tract 5023,Hartford,Hartford,"0900337070"
"09011705300",Census Tract 7053,Stonington,New London,"0901173770"
"09011709200",Census Tract 7092,Griswold,New London,"0901133900"
"09011712100",Census Tract 7121,Franklin,New London,"0901129910"
"09001090300",Census Tract 903,Trumbull,Fairfield,"0900177200"
"09001010101",Census Tract 101.01,Greenwich,Fairfield,"0900133620"
"09001020600",Census Tract 206,Stamford,Fairfield,"0900173070"
"09001021300",Census Tract 213,Stamford,Fairfield,"0900173070"
"09001021100",Census Tract 211,Stamford,Fairfield,"0900173070"
"09001035300",Census Tract 353,New Canaan,Fairfield,"0900150580"
"09001022100",Census Tract 221,Stamford,Fairfield,"0900173070"
"09001073600",Census Tract 736,Bridgeport,Fairfield,"0900108070"
"09001050100",Census Tract 501,Westport,Fairfield,"0900183500"
"09001060500",Census Tract 605,Fairfield,Fairfield,"0900126620"
"09001100300",Census Tract 1003,Monroe,Fairfield,"0900148620"
"09001045300",Census Tract 453,Wilton,Fairfield,"0900186370"
"09001061000",Census Tract 610,Fairfield,Fairfield,"0900126620"
"09001080800",Census Tract 808,Stratford,Fairfield,"0900174190"
"09003405401",Census Tract 4054.01,Bristol,Hartford,"0900308490"
"09001030300",Census Tract 303,Darien,Fairfield,"0900118850"
"09001210702",Census Tract 2107.02,Danbury,Fairfield,"0900118500"
"09001210701",Census Tract 2107.01,Danbury,Fairfield,"0900118500"
"09015902200",Census Tract 9022,Eastford,Windham,"0901521860"
"09007541100",Census Tract 5411,Middletown,Middlesex,"0900747360"
"09007541300",Census Tract 5413,Middletown,Middlesex,"0900747360"
"09007541500",Census Tract 5415,Middletown,Middlesex,"0900747360"
"09015800300",Census Tract 8003,Windham,Windham,"0901586790"
"09015905100",Census Tract 9051,Brooklyn,Windham,"0901509190"
"09015902500",Census Tract 9025,Pomfret,Windham,"0901561030"
"09015904500",Census Tract 9045,Killingly,Windham,"0901540500"
"09015800400",Census Tract 8004,Windham,Windham,"0901586790"
"09015903100",Census Tract 9031,Putnam,Windham,"0901562710"
"09015800600",Census Tract 8006,Windham,Windham,"0901586790"
"09015907100",Census Tract 9071,Plainfield,Windham,"0901559980"
"09015900100",Census Tract 9001,Thompson,Windham,"0901575870"
"09015904100",Census Tract 9041,Killingly,Windham,"0901540500"
"09015830100",Census Tract 8301,Ashford,Windham,"0901501430"
"09003484100",Census Tract 4841,East Windsor,Hartford,"0900324800"
"09001230502",Census Tract 2305.02,Newtown,Fairfield,"0900152980"
"09001230501",Census Tract 2305.01,Newtown,Fairfield,"0900152980"
"09003473100",Census Tract 4731,Windsor,Hartford,"0900387000"
"09009130101",Census Tract 1301.01,Seymour,New Haven,"0900967610"
"09009130102",Census Tract 1301.02,Seymour,New Haven,"0900967610"
"09009361500",Census Tract 3615,West Haven,New Haven,"0900982870"
"09007541600",Census Tract 5416,Middletown,Middlesex,"0900747360"
"09003406002",Census Tract 4060.02,Bristol,Hartford,"0900308490"
"09003471100",Census Tract 4711,Bloomfield,Hartford,"0900305910"
"09003471500",Census Tract 4715,Bloomfield,Hartford,"0900305910"
"09003473400",Census Tract 4734,Windsor,Hartford,"0900387000"
"09003473602",Census Tract 4736.02,Windsor,Hartford,"0900387000"
"09003492200",Census Tract 4922,Wethersfield,Hartford,"0900384900"
"09003492300",Census Tract 4923,Wethersfield,Hartford,"0900384900"
"09003500400",Census Tract 5004,Hartford,Hartford,"0900337070"
"09003500700",Census Tract 5007,Hartford,Hartford,"0900337070"
"09003501200",Census Tract 5012,Hartford,Hartford,"0900337070"
"09003501300",Census Tract 5013,Hartford,Hartford,"0900337070"
"09003501500",Census Tract 5015,Hartford,Hartford,"0900337070"
"09009140800",Census Tract 1408,New Haven,New Haven,"0900952070"
"09009141000",Census Tract 1410,New Haven,New Haven,"0900952070"
"09009141100",Census Tract 1411,New Haven,New Haven,"0900952070"
"09009141300",Census Tract 1413,New Haven,New Haven,"0900952070"
"09011702500",Census Tract 7025,Groton,New London,"0901134250"
"09011702600",Census Tract 7026,Groton,New London,"0901134250"
"09011702700",Census Tract 7027,Groton,New London,"0901134250"
"09011980000",Census Tract 9800,Groton,New London,"0901134250"
"09009142604",Census Tract 1426.04,New Haven,New Haven,"0900952070"
"09009361401",Census Tract 3614.01,New Haven,New Haven,"0900952070"
"09003460100",Census Tract 4601,Farmington,Hartford,"0900327600"
"09009142603",Census Tract 1426.03,New Haven,New Haven,"0900952070"
"09001257200",Census Tract 2572,Bridgeport,Fairfield,"0900108070"
"09003405402",Census Tract 4054.02,Bristol,Hartford,"0900308490"
"09003524502",Census Tract 5245.02,Hartford,Hartford,"0900337070"
"09003524200",Census Tract 5242,Rocky Hill,Hartford,"0900365370"
"09003460203",Census Tract 4602.03,Farmington,Hartford,"0900327600"
"09003487201",Census Tract 4872.01,South Windsor,Hartford,"0900371390"
"09003487202",Census Tract 4872.02,South Windsor,Hartford,"0900371390"
"09003514101",Census Tract 5141.01,Manchester,Hartford,"0900344700"
"09003520302",Census Tract 5203.02,Glastonbury,Hartford,"0900331240"
"09003520301",Census Tract 5203.01,Glastonbury,Hartford,"0900331240"
"09003524300",Census Tract 5243,Enfield,Hartford,"0900325990"
"09003524700",Census Tract 5247,Hartford,Hartford,"0900337070"
"09003524400",Census Tract 5244,Hartford,Hartford,"0900337070"
"09003524600",Census Tract 5246,Hartford,Hartford,"0900337070"
"09013528100",Census Tract 5281,Andover,Tolland,"0901301080"
"09001050400",Census Tract 504,Westport,Fairfield,"0900183500"
"09001060700",Census Tract 607,Fairfield,Fairfield,"0900126620"
"09001060800",Census Tract 608,Fairfield,Fairfield,"0900126620"
"09001060900",Census Tract 609,Fairfield,Fairfield,"0900126620"
"09001211300",Census Tract 2113,Danbury,Fairfield,"0900118500"
"09001020200",Census Tract 202,Stamford,Fairfield,"0900173070"
"09001020700",Census Tract 207,Stamford,Fairfield,"0900173070"
"09001045101",Census Tract 451.01,Wilton,Fairfield,"0900186370"
"09001050300",Census Tract 503,Westport,Fairfield,"0900183500"
"09001050600",Census Tract 506,Westport,Fairfield,"0900183500"
"09001210400",Census Tract 2104,Danbury,Fairfield,"0900118500"
"09001060600",Census Tract 606,Fairfield,Fairfield,"0900126620"
"09001072900",Census Tract 729,Bridgeport,Fairfield,"0900108070"
"09001211100",Census Tract 2111,Danbury,Fairfield,"0900118500"
"09001074000",Census Tract 740,Bridgeport,Fairfield,"0900108070"
"09001110301",Census Tract 1103.01,Shelton,Fairfield,"0900168170"
"09001211400",Census Tract 2114,Danbury,Fairfield,"0900118500"
"09001220100",Census Tract 2201,New Fairfield,Fairfield,"0900150860"
"09001220300",Census Tract 2203,New Fairfield,Fairfield,"0900150860"
"09001245300",Census Tract 2453,Ridgefield,Fairfield,"0900163970"
"09007580100",Census Tract 5801,Middlefield,Middlesex,"0900747080"
"09015820000",Census Tract 8200,Hampton,Windham,"0901536000"
"09015825000",Census Tract 8250,Scotland,Windham,"0901567400"
"09015906100",Census Tract 9061,Canterbury,Windham,"0901512130"
"09015907300",Census Tract 9073,Plainfield,Windham,"0901559980"
"09015900200",Census Tract 9002,Thompson,Windham,"0901575870"
"09015903200",Census Tract 9032,Putnam,Windham,"0901562710"
"09001021900",Census Tract 219,Stamford,Fairfield,"0900173070"
"09001022000",Census Tract 220,Stamford,Fairfield,"0900173070"
"09001021500",Census Tract 215,Stamford,Fairfield,"0900173070"
"09015908100",Census Tract 9081,Sterling,Windham,"0901573420"
"09003473700",Census Tract 4737,Windsor,Hartford,"0900387000"
"09003473800",Census Tract 4738,Windsor,Hartford,"0900387000"
"09003476200",Census Tract 4762,Windsor Locks,Hartford,"0900387070"
"09003480300",Census Tract 4803,Enfield,Hartford,"0900325990"
"09003484200",Census Tract 4842,East Windsor,Hartford,"0900324800"
"09003500900",Census Tract 5009,Hartford,Hartford,"0900337070"
"09003487500",Census Tract 4875,South Windsor,Hartford,"0900371390"
"09003503300",Census Tract 5033,Hartford,Hartford,"0900337070"
"09003466101",Census Tract 4661.01,Simsbury,Hartford,"0900368940"
"09003477101",Census Tract 4771.01,Suffield,Hartford,"0900374540"
"09003477102",Census Tract 4771.02,Suffield,Hartford,"0900374540"
"09003481300",Census Tract 4813,Enfield,Hartford,"0900325990"
"09003473601",Census Tract 4736.01,Windsor,Hartford,"0900387000"
"09003480400",Census Tract 4804,Enfield,Hartford,"0900325990"
"09003480500",Census Tract 4805,Enfield,Hartford,"0900325990"
"09003480600",Census Tract 4806,Enfield,Hartford,"0900325990"
"09003480700",Census Tract 4807,Enfield,Hartford,"0900325990"
"09003480900",Census Tract 4809,Enfield,Hartford,"0900325990"
"09003510500",Census Tract 5105,East Hartford,Hartford,"0900322630"
"09003511000",Census Tract 5110,East Hartford,Hartford,"0900322630"
"09003511100",Census Tract 5111,East Hartford,Hartford,"0900322630"
"09003511200",Census Tract 5112,East Hartford,Hartford,"0900322630"
"09003511400",Census Tract 5114,East Hartford,Hartford,"0900322630"
"09003481200",Census Tract 4812,Enfield,Hartford,"0900325990"
"09003494600",Census Tract 4946,Newington,Hartford,"0900352140"
"09003496100",Census Tract 4961,West Hartford,Hartford,"0900382590"
"09003496200",Census Tract 4962,West Hartford,Hartford,"0900382590"
"09003496300",Census Tract 4963,West Hartford,Hartford,"0900382590"
"09003430203",Census Tract 4302.03,Southington,Hartford,"0900370550"
"09003477200",Census Tract 4772,Suffield,Hartford,"0900374540"
"09003462201",Census Tract 4622.01,Avon,Hartford,"0900302060"
"09003400100",Census Tract 4001,Berlin,Hartford,"0900304300"
"09003464102",Census Tract 4641.02,Canton,Hartford,"0900312270"
"09003520100",Census Tract 5201,Glastonbury,Hartford,"0900331240"
"09003520202",Census Tract 5202.02,Glastonbury,Hartford,"0900331240"
"09003501700",Census Tract 5017,Hartford,Hartford,"0900337070"
"09003420600",Census Tract 4206,Plainville,Hartford,"0900360120"
"09003466202",Census Tract 4662.02,Simsbury,Hartford,"0900368940"
"09003415400",Census Tract 4154,New Britain,Hartford,"0900350440"
"09003416500",Census Tract 4165,New Britain,Hartford,"0900350440"
"09003462102",Census Tract 4621.02,Avon,Hartford,"0900302060"
"09003405500",Census Tract 4055,Bristol,Hartford,"0900308490"
"09003464101",Census Tract 4641.01,Canton,Hartford,"0900312270"
"09003473502",Census Tract 4735.02,Windsor,Hartford,"0900387000"
"09003500100",Census Tract 5001,Hartford,Hartford,"0900337070"
"09003501800",Census Tract 5018,Hartford,Hartford,"0900337070"
"09003510600",Census Tract 5106,East Hartford,Hartford,"0900322630"
"09003515102",Census Tract 5151.02,Manchester,Hartford,"0900344700"
"09003330100",Census Tract 3301,Hartland,Hartford,"0900337140"
"09003400200",Census Tract 4002,Berlin,Hartford,"0900304300"
"09003497100",Census Tract 4971,West Hartford,Hartford,"0900382590"
"09003405100",Census Tract 4051,Bristol,Hartford,"0900308490"
"09003405300",Census Tract 4053,Bristol,Hartford,"0900308490"
"09003406100",Census Tract 4061,Bristol,Hartford,"0900308490"
"09003496400",Census Tract 4964,West Hartford,Hartford,"0900382590"
"09003496500",Census Tract 4965,West Hartford,Hartford,"0900382590"
"09003496600",Census Tract 4966,West Hartford,Hartford,"0900382590"
"09003496700",Census Tract 4967,West Hartford,Hartford,"0900382590"
"09003430601",Census Tract 4306.01,Southington,Hartford,"0900370550"
"09003430500",Census Tract 4305,Southington,Hartford,"0900370550"
"09003468101",Census Tract 4681.01,Granby,Hartford,"0900332640"
"09003466102",Census Tract 4661.02,Simsbury,Hartford,"0900368940"
"09003487400",Census Tract 4874,South Windsor,Hartford,"0900371390"
"09003471300",Census Tract 4713,Bloomfield,Hartford,"0900305910"
"09003460302",Census Tract 4603.02,Farmington,Hartford,"0900327600"
"09003430202",Census Tract 4302.02,Southington,Hartford,"0900370550"
"09003430400",Census Tract 4304,Southington,Hartford,"0900370550"
"09003462101",Census Tract 4621.01,Avon,Hartford,"0900302060"
"09003405800",Census Tract 4058,Bristol,Hartford,"0900308490"
"09003470100",Census Tract 4701,East Granby,Hartford,"0900322070"
"09003520501",Census Tract 5205.01,Glastonbury,Hartford,"0900331240"
"09003468102",Census Tract 4681.02,Granby,Hartford,"0900332640"
"09003466300",Census Tract 4663,Simsbury,Hartford,"0900368940"
"09003481000",Census Tract 4810,Enfield,Hartford,"0900325990"
"09003481100",Census Tract 4811,Enfield,Hartford,"0900325990"
"09003460202",Census Tract 4602.02,Farmington,Hartford,"0900327600"
"09003420700",Census Tract 4207,Plainville,Hartford,"0900360120"
"09003501400",Census Tract 5014,Hartford,Hartford,"0900337070"
"09003473501",Census Tract 4735.01,Windsor,Hartford,"0900387000"
"09003476100",Census Tract 4761,Windsor Locks,Hartford,"0900387070"
"09003430301",Census Tract 4303.01,Southington,Hartford,"0900370550"
"09003471400",Census Tract 4714,Bloomfield,Hartford,"0900305910"
"09003405900",Census Tract 4059,Bristol,Hartford,"0900308490"
"09003476300",Census Tract 4763,Windsor Locks,Hartford,"0900387070"
"09001240200",Census Tract 2402,Redding,Fairfield,"0900163480"
"09003406001",Census Tract 4060.01,Bristol,Hartford,"0900308490"
"09003496800",Census Tract 4968,West Hartford,Hartford,"0900382590"
"09003496900",Census Tract 4969,West Hartford,Hartford,"0900382590"
"09003497000",Census Tract 4970,West Hartford,Hartford,"0900382590"
"09003497200",Census Tract 4972,West Hartford,Hartford,"0900382590"
"09003502100",Census Tract 5021,Hartford,Hartford,"0900337070"
"09001205100",Census Tract 2051,Brookfield,Fairfield,"0900108980"
"09001210900",Census Tract 2109,Danbury,Fairfield,"0900118500"
"09001042500",Census Tract 425,Norwalk,Fairfield,"0900156060"
"09001105100",Census Tract 1051,Easton,Fairfield,"0900123890"
"09001060400",Census Tract 604,Fairfield,Fairfield,"0900126620"
"09001050500",Census Tract 505,Westport,Fairfield,"0900183500"
"09001010102",Census Tract 101.02,Greenwich,Fairfield,"0900133620"
"09001035100",Census Tract 351,New Canaan,Fairfield,"0900150580"
"09001060200",Census Tract 602,Fairfield,Fairfield,"0900126620"
"09001205300",Census Tract 2053,Brookfield,Fairfield,"0900108980"
"09001081000",Census Tract 810,Stratford,Fairfield,"0900174190"
"09001220200",Census Tract 2202,New Fairfield,Fairfield,"0900150860"
"09001230400",Census Tract 2304,Newtown,Fairfield,"0900152980"
"09001245400",Census Tract 2454,Ridgefield,Fairfield,"0900163970"
"09001100200",Census Tract 1002,Monroe,Fairfield,"0900148620"
"09003460204",Census Tract 4602.04,Farmington,Hartford,"0900327600"
"09009190100",Census Tract 1901,Guilford,New Haven,"0900934950"
"09015800700",Census Tract 8007,Windham,Windham,"0901586790"
"09015815000",Census Tract 8150,Chaplin,Windham,"0901513810"
"09001010400",Census Tract 104,Greenwich,Fairfield,"0900133620"
"09009141500",Census Tract 1415,New Haven,New Haven,"0900952070"
"09009141600",Census Tract 1416,New Haven,New Haven,"0900952070"
"09009141800",Census Tract 1418,New Haven,New Haven,"0900952070"
"09009141900",Census Tract 1419,New Haven,New Haven,"0900952070"
"09009142100",Census Tract 1421,New Haven,New Haven,"0900952070"
"09009351601",Census Tract 3516.01,Waterbury,New Haven,"0900980070"
"09009351500",Census Tract 3515,Waterbury,New Haven,"0900980070"
"09009150300",Census Tract 1503,Milford,New Haven,"0900947535"
"09009150600",Census Tract 1506,Milford,New Haven,"0900947535"
"09009165200",Census Tract 1652,Hamden,New Haven,"0900935650"
"09009171300",Census Tract 1713,Meriden,New Haven,"0900946520"
"09009171400",Census Tract 1714,Meriden,New Haven,"0900946520"
"09009171500",Census Tract 1715,Meriden,New Haven,"0900946520"
"09009171600",Census Tract 1716,Meriden,New Haven,"0900946520"
"09011696300",Census Tract 6963,Norwich,New London,"0901156270"
"09011702100",Census Tract 7021,Groton,New London,"0901134250"
"09009171700",Census Tract 1717,Meriden,New Haven,"0900946520"
"09009175100",Census Tract 1751,Wallingford,New Haven,"0900978740"
"09009175200",Census Tract 1752,Wallingford,New Haven,"0900978740"
"09009175300",Census Tract 1753,Wallingford,New Haven,"0900978740"
"09011700100",Census Tract 7001,Preston,New London,"0901162150"
"09011660101",Census Tract 6601.01,Old Lyme,New London,"0901157040"
"09011709100",Census Tract 7091,Griswold,New London,"0901133900"
"09011710100",Census Tract 7101,Lisbon,New London,"0901143230"
"09011696100",Census Tract 6961,Norwich,New London,"0901156270"
"09011696200",Census Tract 6962,Norwich,New London,"0901156270"
"09011696400",Census Tract 6964,Norwich,New London,"0901156270"
"09011708100",Census Tract 7081,Voluntown,New London,"0901178600"
"09011696700",Census Tract 6967,Norwich,New London,"0901156270"
"09011870100",Census Tract 8701,Lebanon,New London,"0901142390"
"09011702800",Census Tract 7028,Groton,New London,"0901134250"
"09011702900",Census Tract 7029,Groton,New London,"0901134250"
"09011703000",Census Tract 7030,Groton,New London,"0901134250"
"09011693700",Census Tract 6937,Waterford,New London,"0901180280"
"09011716102",Census Tract 7161.02,East Lyme,New London,"0901123400"
"09011713100",Census Tract 7131,Bozrah,New London,"0901106820"
"09011696500",Census Tract 6965,Norwich,New London,"0901156270"
"09011660102",Census Tract 6601.02,Old Lyme,New London,"0901157040"
"09005425600",Census Tract 4256,Norfolk,Litchfield,"0900553470"
"09003405600",Census Tract 4056,Bristol,Hartford,"0900308490"
"09013530500",Census Tract 5305,Vernon,Tolland,"0901378250"
"09013881100",Census Tract 8811,Mansfield,Tolland,"0901344910"
"09013533101",Census Tract 5331.01,Tolland,Tolland,"0901376290"
"09013850200",Census Tract 8502,Coventry,Tolland,"0901317800"
"09003420400",Census Tract 4204,Plainville,Hartford,"0900360120"
"09003514102",Census Tract 5141.02,Manchester,Hartford,"0900344700"
"09003514400",Census Tract 5144,Manchester,Hartford,"0900344700"
"09003514500",Census Tract 5145,Manchester,Hartford,"0900344700"
"09003514600",Census Tract 5146,Manchester,Hartford,"0900344700"
"09003514700",Census Tract 5147,Manchester,Hartford,"0900344700"
"09003514800",Census Tract 5148,Manchester,Hartford,"0900344700"
"09003514900",Census Tract 5149,Manchester,Hartford,"0900344700"
"09001061200",Census Tract 612,Fairfield,Fairfield,"0900126620"
"09001061500",Census Tract 615,Fairfield,Fairfield,"0900126620"
"09001061600",Census Tract 616,Fairfield,Fairfield,"0900126620"
"09001070100",Census Tract 701,Bridgeport,Fairfield,"0900108070"
"09013530200",Census Tract 5302,Vernon,Tolland,"0901378250"
"09015904400",Census Tract 9044,Killingly,Windham,"0901540500"
"09015800500",Census Tract 8005,Windham,Windham,"0901586790"
"09013850100",Census Tract 8501,Coventry,Tolland,"0901317800"
"09001022200",Census Tract 222,Stamford,Fairfield,"0900173070"
"09001022400",Census Tract 224,Stamford,Fairfield,"0900173070"
"09001022300",Census Tract 223,Stamford,Fairfield,"0900173070"
"09001070300",Census Tract 703,Bridgeport,Fairfield,"0900108070"
"09001070400",Census Tract 704,Bridgeport,Fairfield,"0900108070"
"09001070500",Census Tract 705,Bridgeport,Fairfield,"0900108070"
"09001070600",Census Tract 706,Bridgeport,Fairfield,"0900108070"
"09001070900",Census Tract 709,Bridgeport,Fairfield,"0900108070"
"09001070200",Census Tract 702,Bridgeport,Fairfield,"0900108070"
"09007541700",Census Tract 5417,Middletown,Middlesex,"0900747360"
"09007542200",Census Tract 5422,Middletown,Middlesex,"0900747360"
"09007570100",Census Tract 5701,Cromwell,Middlesex,"0900718080"
"09003410101",Census Tract 4101.01,Burlington,Hartford,"0900310100"
"09003410102",Census Tract 4101.02,Burlington,Hartford,"0900310100"
"09003524501",Census Tract 5245.01,Hartford,Hartford,"0900337070"
"09005320200",Census Tract 3202,Winchester,Litchfield,"0900586440"
"09005266100",Census Tract 2661,Kent,Litchfield,"0900540290"
"09005298400",Census Tract 2984,Harwinton,Litchfield,"0900537280"
"09005342100",Census Tract 3421,Bethlehem,Litchfield,"0900504930"
"09005310602",Census Tract 3106.02,Torrington,Litchfield,"0900576570"
"09005253300",Census Tract 2533,New Milford,Litchfield,"0900552630"
"09005250100",Census Tract 2501,Bridgewater,Litchfield,"0900508210"
"09005265100",Census Tract 2651,Warren,Litchfield,"0900579510"
"09005253100",Census Tract 2531,New Milford,Litchfield,"0900552630"
"09009345400",Census Tract 3454,Naugatuck,New Haven,"0900949950"
"09009346101",Census Tract 3461.01,Oxford,New Haven,"0900958300"
"09009175500",Census Tract 1755,Wallingford,New Haven,"0900978740"
"09009352400",Census Tract 3524,Waterbury,New Haven,"0900980070"
"09009186200",Census Tract 1862,North Branford,New Haven,"0900953890"
"09009170500",Census Tract 1705,Meriden,New Haven,"0900946520"
"09009361200",Census Tract 3612,Wolcott,New Haven,"0900987560"
"09009351602",Census Tract 3516.02,Waterbury,New Haven,"0900980070"
"09009352000",Census Tract 3520,Waterbury,New Haven,"0900980070"
"09009167201",Census Tract 1672.01,North Haven,New Haven,"0900954870"
"09009186100",Census Tract 1861,North Branford,New Haven,"0900953890"
"09009180100",Census Tract 1801,East Haven,New Haven,"0900922910"
"09009170900",Census Tract 1709,Meriden,New Haven,"0900946520"
"09009142000",Census Tract 1420,New Haven,New Haven,"0900952070"
"09009343300",Census Tract 3433,Cheshire,New Haven,"0900914160"
"09009184300",Census Tract 1843,Branford,New Haven,"0900907310"
"09009151200",Census Tract 1512,Milford,New Haven,"0900947535"
"09009176000",Census Tract 1760,Wallingford,New Haven,"0900978740"
"09009167202",Census Tract 1672.02,North Haven,New Haven,"0900954870"
"09009155000",Census Tract 1550,West Haven,New Haven,"0900982870"
"09009351900",Census Tract 3519,Waterbury,New Haven,"0900980070"
"09009125200",Census Tract 1252,Ansonia,New Haven,"0900901220"
"09009167100",Census Tract 1671,North Haven,New Haven,"0900954870"
"09009184200",Census Tract 1842,Branford,New Haven,"0900907310"
"09009160100",Census Tract 1601,Woodbridge,New Haven,"0900987700"
"09005310803",Census Tract 3108.03,Torrington,Litchfield,"0900576570"
"09005310804",Census Tract 3108.04,Torrington,Litchfield,"0900576570"
"09009140900",Census Tract 1409,New Haven,New Haven,"0900952070"
"09009190200",Census Tract 1902,Guilford,New Haven,"0900934950"
"09009175800",Census Tract 1758,Wallingford,New Haven,"0900978740"
"09009344100",Census Tract 3441,Middlebury,New Haven,"0900946940"
"09009343101",Census Tract 3431.01,Cheshire,New Haven,"0900914160"
"09009351700",Census Tract 3517,Waterbury,New Haven,"0900980070"
"09009194100",Census Tract 1941,Madison,New Haven,"0900944560"
"09009130200",Census Tract 1302,Seymour,New Haven,"0900967610"
"09009151100",Census Tract 1511,Milford,New Haven,"0900947535"
"09009348111",Census Tract 3481.11,Southbury,New Haven,"0900969640"
"09009343400",Census Tract 3434,Cheshire,New Haven,"0900914160"
"09009150900",Census Tract 1509,Milford,New Haven,"0900947535"
"09009170100",Census Tract 1701,Meriden,New Haven,"0900946520"
"09009157400",Census Tract 1574,Orange,New Haven,"0900957600"
"09009157100",Census Tract 1571,Orange,New Haven,"0900957600"
"09009361100",Census Tract 3611,Wolcott,New Haven,"0900987560"
"09005425400",Census Tract 4254,Plymouth,Litchfield,"0900560750"
"09009345201",Census Tract 3452.01,Naugatuck,New Haven,"0900949950"
"09009142800",Census Tract 1428,New Haven,New Haven,"0900952070"
"09009190302",Census Tract 1903.02,Guilford,New Haven,"0900934950"
"09005262100",Census Tract 2621,Sharon,Litchfield,"0900567960"
"09005310300",Census Tract 3103,Torrington,Litchfield,"0900576570"
"09005310801",Census Tract 3108.01,Torrington,Litchfield,"0900576570"
"09005360200",Census Tract 3602,Watertown,Litchfield,"0900580490"
"09005425500",Census Tract 4255,Plymouth,Litchfield,"0900560750"
"09005260200",Census Tract 2602,North Canaan,Litchfield,"0900554030"
"09005267100",Census Tract 2671,Washington,Litchfield,"0900579720"
"09005298300",Census Tract 2983,Harwinton,Litchfield,"0900537280"
"09005310700",Census Tract 3107,Torrington,Litchfield,"0900576570"
"09005360300",Census Tract 3603,Watertown,Litchfield,"0900580490"
"09009194201",Census Tract 1942.01,Madison,New Haven,"0900944560"
"09009171100",Census Tract 1711,Meriden,New Haven,"0900946520"
"09009175400",Census Tract 1754,Wallingford,New Haven,"0900978740"
"09009190301",Census Tract 1903.01,Guilford,New Haven,"0900934950"
"09009343102",Census Tract 3431.02,Cheshire,New Haven,"0900914160"
"09009344200",Census Tract 3442,Middlebury,New Haven,"0900946940"
"09009352300",Census Tract 3523,Waterbury,New Haven,"0900980070"
"09009154700",Census Tract 1547,West Haven,New Haven,"0900982870"
"09009160200",Census Tract 1602,Woodbridge,New Haven,"0900987700"
"09009345300",Census Tract 3453,Naugatuck,New Haven,"0900949950"
"09009170800",Census Tract 1708,Meriden,New Haven,"0900946520"
"09009141200",Census Tract 1412,New Haven,New Haven,"0900952070"
"09005360400",Census Tract 3604,Watertown,Litchfield,"0900580490"
"09001043800",Census Tract 438,Norwalk,Fairfield,"0900156060"
"09001061100",Census Tract 611,Fairfield,Fairfield,"0900126620"
"09009170600",Census Tract 1706,Meriden,New Haven,"0900946520"
"09009170700",Census Tract 1707,Meriden,New Haven,"0900946520"
"09009171000",Census Tract 1710,Meriden,New Haven,"0900946520"
"09003514200",Census Tract 5142,Manchester,Hartford,"0900344700"
"09001061300",Census Tract 613,Fairfield,Fairfield,"0900126620"
"09009171200",Census Tract 1712,Meriden,New Haven,"0900946520"
"09009165600",Census Tract 1656,Hamden,New Haven,"0900935650"
"09009165700",Census Tract 1657,Hamden,New Haven,"0900935650"
"09009165801",Census Tract 1658.01,Hamden,New Haven,"0900935650"
"09009165802",Census Tract 1658.02,Hamden,New Haven,"0900935650"
"09009165500",Census Tract 1655,Hamden,New Haven,"0900935650"
"09001043000",Census Tract 430,Norwalk,Fairfield,"0900156060"
"09009165900",Census Tract 1659,Hamden,New Haven,"0900935650"
"09001030400",Census Tract 304,Darien,Fairfield,"0900118850"
"09009150800",Census Tract 1508,Milford,New Haven,"0900947535"
"09009165300",Census Tract 1653,Hamden,New Haven,"0900935650"
"09009165400",Census Tract 1654,Hamden,New Haven,"0900935650"
"09005268100",Census Tract 2681,Roxbury,Litchfield,"0900565930"
"09005290100",Census Tract 2901,Barkhamsted,Litchfield,"0900502760"
"09005293100",Census Tract 2931,Colebrook,Litchfield,"0900516050"
"09005303100",Census Tract 3031,Morris,Litchfield,"0900549460"
"09001061400",Census Tract 614,Fairfield,Fairfield,"0900126620"
"09005310100",Census Tract 3101,Torrington,Litchfield,"0900576570"
"09005310200",Census Tract 3102,Torrington,Litchfield,"0900576570"
"09005310400",Census Tract 3104,Torrington,Litchfield,"0900576570"
"09005310500",Census Tract 3105,Torrington,Litchfield,"0900576570"
"09001072100",Census Tract 721,Bridgeport,Fairfield,"0900108070"
"09005253600",Census Tract 2536,New Milford,Litchfield,"0900552630"
"09009141400",Census Tract 1414,New Haven,New Haven,"0900952070"
"09003487300",Census Tract 4873,South Windsor,Hartford,"0900371390"
"09007600100",Census Tract 6001,Chester,Middlesex,"0900714300"
"09007610200",Census Tract 6102,Clinton,Middlesex,"0900715350"
"09007550100",Census Tract 5501,East Hampton,Middlesex,"0900722490"
"09009125100",Census Tract 1251,Ansonia,New Haven,"0900901220"
"09003415500",Census Tract 4155,New Britain,Hartford,"0900350440"
"09003415600",Census Tract 4156,New Britain,Hartford,"0900350440"
"09003415700",Census Tract 4157,New Britain,Hartford,"0900350440"
"09003415800",Census Tract 4158,New Britain,Hartford,"0900350440"
"09003415900",Census Tract 4159,New Britain,Hartford,"0900350440"
"09003416000",Census Tract 4160,New Britain,Hartford,"0900350440"
"09003416100",Census Tract 4161,New Britain,Hartford,"0900350440"
"09003494400",Census Tract 4944,Newington,Hartford,"0900352140"
"09003494500",Census Tract 4945,Newington,Hartford,"0900352140"
"09003502400",Census Tract 5024,Hartford,Hartford,"0900337070"
"09003416200",Census Tract 4162,New Britain,Hartford,"0900350440"
"09003416300",Census Tract 4163,New Britain,Hartford,"0900350440"
"09003416400",Census Tract 4164,New Britain,Hartford,"0900350440"
"09003416600",Census Tract 4166,New Britain,Hartford,"0900350440"
"09003416700",Census Tract 4167,New Britain,Hartford,"0900350440"
"09003416800",Census Tract 4168,New Britain,Hartford,"0900350440"
"09003417100",Census Tract 4171,New Britain,Hartford,"0900350440"
"09003417200",Census Tract 4172,New Britain,Hartford,"0900350440"
"09003417300",Census Tract 4173,New Britain,Hartford,"0900350440"
"09003417400",Census Tract 4174,New Britain,Hartford,"0900350440"
"09003417500",Census Tract 4175,New Britain,Hartford,"0900350440"
"09003504800",Census Tract 5048,Hartford,Hartford,"0900337070"
"09003420500",Census Tract 4205,Plainville,Hartford,"0900360120"
"09003430201",Census Tract 4302.01,Southington,Hartford,"0900370550"
"09003430302",Census Tract 4303.02,Southington,Hartford,"0900370550"
"09003430602",Census Tract 4306.02,Southington,Hartford,"0900370550"
"09003497700",Census Tract 4977,West Hartford,Hartford,"0900382590"
"09003500200",Census Tract 5002,Hartford,Hartford,"0900337070"
"09003500300",Census Tract 5003,Hartford,Hartford,"0900337070"
"09007630100",Census Tract 6301,Essex,Middlesex,"0900726270"
"09007585100",Census Tract 5851,Durham,Middlesex,"0900720810"
"09007610400",Census Tract 6104,Clinton,Middlesex,"0900715350"
"09009125300",Census Tract 1253,Ansonia,New Haven,"0900901220"
"09009125400",Census Tract 1254,Ansonia,New Haven,"0900901220"
"09003460301",Census Tract 4603.01,Farmington,Hartford,"0900327600"
"09003462202",Census Tract 4622.02,Avon,Hartford,"0900302060"
"09003466201",Census Tract 4662.01,Simsbury,Hartford,"0900368940"
"09003466400",Census Tract 4664,Simsbury,Hartford,"0900368940"
"09003490302",Census Tract 4903.02,Rocky Hill,Hartford,"0900365370"
"09003492100",Census Tract 4921,Wethersfield,Hartford,"0900384900"
"09009140100",Census Tract 1401,New Haven,New Haven,"0900952070"
"09009140200",Census Tract 1402,New Haven,New Haven,"0900952070"
"09009140300",Census Tract 1403,New Haven,New Haven,"0900952070"
"09009140400",Census Tract 1404,New Haven,New Haven,"0900952070"
"09009140500",Census Tract 1405,New Haven,New Haven,"0900952070"
"09009140600",Census Tract 1406,New Haven,New Haven,"0900952070"
"09009140700",Census Tract 1407,New Haven,New Haven,"0900952070"
"09003492600",Census Tract 4926,Wethersfield,Hartford,"0900384900"
"09003471200",Census Tract 4712,Bloomfield,Hartford,"0900305910"
"09003511300",Census Tract 5113,East Hartford,Hartford,"0900322630"
"09003480800",Census Tract 4808,Enfield,Hartford,"0900325990"
"09003520400",Census Tract 5204,Glastonbury,Hartford,"0900331240"
"09003515101",Census Tract 5151.01,Manchester,Hartford,"0900344700"
"09003490100",Census Tract 4901,Rocky Hill,Hartford,"0900365370"
"09001090100",Census Tract 901,Trumbull,Fairfield,"0900177200"
"09001055200",Census Tract 552,Weston,Fairfield,"0900183430"
"09001045400",Census Tract 454,Wilton,Fairfield,"0900186370"
"09001035400",Census Tract 354,New Canaan,Fairfield,"0900150580"
"09001042800",Census Tract 428,Norwalk,Fairfield,"0900156060"
"09001245600",Census Tract 2456,Ridgefield,Fairfield,"0900163970"
"09001020400",Census Tract 204,Stamford,Fairfield,"0900173070"
"09001090600",Census Tract 906,Trumbull,Fairfield,"0900177200"
"09001011300",Census Tract 113,Greenwich,Fairfield,"0900133620"
"09001230300",Census Tract 2303,Newtown,Fairfield,"0900152980"
"09001021000",Census Tract 210,Stamford,Fairfield,"0900173070"
"09001030500",Census Tract 305,Darien,Fairfield,"0900118850"
"09001210100",Census Tract 2101,Danbury,Fairfield,"0900118500"
"09001073900",Census Tract 739,Bridgeport,Fairfield,"0900108070"
"09001081300",Census Tract 813,Stratford,Fairfield,"0900174190"
"09001010800",Census Tract 108,Greenwich,Fairfield,"0900133620"
"09001020100",Census Tract 201,Stamford,Fairfield,"0900173070"
"09001020500",Census Tract 205,Stamford,Fairfield,"0900173070"
"09001020800",Census Tract 208,Stamford,Fairfield,"0900173070"
"09001043300",Census Tract 433,Norwalk,Fairfield,"0900156060"
"09001080400",Census Tract 804,Stratford,Fairfield,"0900174190"
"09001110302",Census Tract 1103.02,Shelton,Fairfield,"0900168170"
"09001030200",Census Tract 302,Darien,Fairfield,"0900118850"
"09001045102",Census Tract 451.02,Wilton,Fairfield,"0900186370"
"09001010900",Census Tract 109,Greenwich,Fairfield,"0900133620"
"09001011000",Census Tract 110,Greenwich,Fairfield,"0900133620"
"09001100100",Census Tract 1001,Monroe,Fairfield,"0900148620"
"09001110600",Census Tract 1106,Shelton,Fairfield,"0900168170"
"09001205200",Census Tract 2052,Brookfield,Fairfield,"0900108980"
"09001230100",Census Tract 2301,Newtown,Fairfield,"0900152980"
"09001257100",Census Tract 2571,Sherman,Fairfield,"0900168310"
"09001211200",Census Tract 2112,Danbury,Fairfield,"0900118500"
"09001210800",Census Tract 2108,Danbury,Fairfield,"0900118500"
"09001210600",Census Tract 2106,Danbury,Fairfield,"0900118500"
"09001210500",Census Tract 2105,Danbury,Fairfield,"0900118500"
"09001110500",Census Tract 1105,Shelton,Fairfield,"0900168170"
"09001110400",Census Tract 1104,Shelton,Fairfield,"0900168170"
"09001043100",Census Tract 431,Norwalk,Fairfield,"0900156060"
"09001245200",Census Tract 2452,Ridgefield,Fairfield,"0900163970"
"09001110202",Census Tract 1102.02,Shelton,Fairfield,"0900168170"
"09001045200",Census Tract 452,Wilton,Fairfield,"0900186370"
"09001035200",Census Tract 352,New Canaan,Fairfield,"0900150580"
"09001060100",Census Tract 601,Fairfield,Fairfield,"0900126620"
"09001020900",Census Tract 209,Stamford,Fairfield,"0900173070"
"09001200200",Census Tract 2002,Bethel,Fairfield,"0900104720"
"09001055100",Census Tract 551,Weston,Fairfield,"0900183430"
"09001200301",Census Tract 2003.01,Bethel,Fairfield,"0900104720"
"09001073100",Census Tract 731,Bridgeport,Fairfield,"0900108070"
"09001211000",Census Tract 2110,Danbury,Fairfield,"0900118500"
"09001210200",Census Tract 2102,Danbury,Fairfield,"0900118500"
"09001105200",Census Tract 1052,Easton,Fairfield,"0900123890"
"09001060300",Census Tract 603,Fairfield,Fairfield,"0900126620"
"09001090500",Census Tract 905,Trumbull,Fairfield,"0900177200"
"09001110201",Census Tract 1102.01,Shelton,Fairfield,"0900168170"
"09001030100",Census Tract 301,Darien,Fairfield,"0900118850"
"09001090200",Census Tract 902,Trumbull,Fairfield,"0900177200"
"09001010300",Census Tract 103,Greenwich,Fairfield,"0900133620"
"09001050200",Census Tract 502,Westport,Fairfield,"0900183500"
"09001081100",Census Tract 811,Stratford,Fairfield,"0900174190"
"09001042700",Census Tract 427,Norwalk,Fairfield,"0900156060"
"09001020300",Census Tract 203,Stamford,Fairfield,"0900173070"
"09001240100",Census Tract 2401,Redding,Fairfield,"0900163480"
"09001043200",Census Tract 432,Norwalk,Fairfield,"0900156060"
"09001090400",Census Tract 904,Trumbull,Fairfield,"0900177200"
"09001081200",Census Tract 812,Stratford,Fairfield,"0900174190"
"09001021200",Census Tract 212,Stamford,Fairfield,"0900173070"
"09001230200",Census Tract 2302,Newtown,Fairfield,"0900152980"
"09001010201",Census Tract 102.01,Greenwich,Fairfield,"0900133620"
"09001010202",Census Tract 102.02,Greenwich,Fairfield,"0900133620"
"09001200100",Census Tract 2001,Bethel,Fairfield,"0900104720"
"09001245100",Census Tract 2451,Ridgefield,Fairfield,"0900163970"
"09001245500",Census Tract 2455,Ridgefield,Fairfield,"0900163970"
"09001011100",Census Tract 111,Greenwich,Fairfield,"0900133620"
"09001010500",Census Tract 105,Greenwich,Fairfield,"0900133620"
"09009142200",Census Tract 1422,New Haven,New Haven,"0900952070"
"09009142300",Census Tract 1423,New Haven,New Haven,"0900952070"
"09009142400",Census Tract 1424,New Haven,New Haven,"0900952070"
"09009142500",Census Tract 1425,New Haven,New Haven,"0900952070"
"09009142601",Census Tract 1426.01,New Haven,New Haven,"0900952070"
"09009142700",Census Tract 1427,New Haven,New Haven,"0900952070"
"09011714104",Census Tract 7141.04,Colchester,New London,"0901115910"
"09011870704",Census Tract 8707.04,East Lyme,New London,"0901123400"
"09011870701",Census Tract 8707.01,East Lyme,New London,"0901123400"
"09011705102",Census Tract 7051.02,Stonington,New London,"0901173770"
"09011705101",Census Tract 7051.01,Stonington,New London,"0901173770"
"09011870300",Census Tract 8703,New London,New London,"0901152350"
"09013529100",Census Tract 5291,Bolton,Tolland,"0901306260"
"09013530100",Census Tract 5301,Vernon,Tolland,"0901378250"
"09003524100",Census Tract 5241,Marlborough,Hartford,"0900345820"
"09013530301",Census Tract 5303.01,Vernon,Tolland,"0901378250"
"09013530302",Census Tract 5303.02,Vernon,Tolland,"0901378250"
"09013530400",Census Tract 5304,Vernon,Tolland,"0901378250"
"09003515000",Census Tract 5150,Manchester,Hartford,"0900344700"
"09003515200",Census Tract 5152,Manchester,Hartford,"0900344700"
"09003500500",Census Tract 5005,Hartford,Hartford,"0900337070"
"09003520201",Census Tract 5202.01,Glastonbury,Hartford,"0900331240"
"09009154100",Census Tract 1541,West Haven,New Haven,"0900982870"
"09009154200",Census Tract 1542,West Haven,New Haven,"0900982870"
"09009154500",Census Tract 1545,West Haven,New Haven,"0900982870"
"09009154600",Census Tract 1546,West Haven,New Haven,"0900982870"
"09009154800",Census Tract 1548,West Haven,New Haven,"0900982870"
"09009154900",Census Tract 1549,West Haven,New Haven,"0900982870"
"09009155100",Census Tract 1551,West Haven,New Haven,"0900982870"
"09009150700",Census Tract 1507,Milford,New Haven,"0900947535"
"09009157300",Census Tract 1573,Orange,New Haven,"0900957600"
"09009161100",Census Tract 1611,Bethany,New Haven,"0900904580"
"09009165100",Census Tract 1651,Hamden,New Haven,"0900935650"
"09009157200",Census Tract 1572,Orange,New Haven,"0900957600"
"09001010700",Census Tract 107,Greenwich,Fairfield,"0900133620"
"09001010600",Census Tract 106,Greenwich,Fairfield,"0900133620"
"09001021400",Census Tract 214,Stamford,Fairfield,"0900173070"
"09001011200",Census Tract 112,Greenwich,Fairfield,"0900133620"
"09009150100",Census Tract 1501,Milford,New Haven,"0900947535"
"09003514300",Census Tract 5143,Manchester,Hartford,"0900344700"
"09001200302",Census Tract 2003.02,Bethel,Fairfield,"0900104720"
"09009150200",Census Tract 1502,Milford,New Haven,"0900947535"
"09009175600",Census Tract 1756,Wallingford,New Haven,"0900978740"
"09009175700",Census Tract 1757,Wallingford,New Haven,"0900978740"
"09009175900",Census Tract 1759,Wallingford,New Haven,"0900978740"
"09009180300",Census Tract 1803,East Haven,New Haven,"0900922910"
"09009180400",Census Tract 1804,East Haven,New Haven,"0900922910"
"09009180500",Census Tract 1805,East Haven,New Haven,"0900922910"
"09009180601",Census Tract 1806.01,East Haven,New Haven,"0900922910"
"09009180200",Census Tract 1802,East Haven,New Haven,"0900922910"
"09009180602",Census Tract 1806.02,East Haven,New Haven,"0900922910"
"09009184400",Census Tract 1844,Branford,New Haven,"0900907310"
"09009184500",Census Tract 1845,Branford,New Haven,"0900907310"
"09009184600",Census Tract 1846,Branford,New Haven,"0900907310"
"09009167300",Census Tract 1673,North Haven,New Haven,"0900954870"
"09009184700",Census Tract 1847,Branford,New Haven,"0900907310"
"09009350100",Census Tract 3501,Waterbury,New Haven,"0900980070"
"09009350200",Census Tract 3502,Waterbury,New Haven,"0900980070"
"09009350300",Census Tract 3503,Waterbury,New Haven,"0900980070"
"09009170200",Census Tract 1702,Meriden,New Haven,"0900946520"
"09009170300",Census Tract 1703,Meriden,New Haven,"0900946520"
"09009170400",Census Tract 1704,Meriden,New Haven,"0900946520"
"09009166001",Census Tract 1660.01,Hamden,New Haven,"0900935650"
"09009350400",Census Tract 3504,Waterbury,New Haven,"0900980070"
"09009350500",Census Tract 3505,Waterbury,New Haven,"0900980070"
"09009352701",Census Tract 3527.01,Waterbury,New Haven,"0900980070"
"09009352702",Census Tract 3527.02,Waterbury,New Haven,"0900980070"
"09009352800",Census Tract 3528,Waterbury,New Haven,"0900980070"
"09009166002",Census Tract 1660.02,Hamden,New Haven,"0900935650"
"09009184100",Census Tract 1841,Branford,New Haven,"0900907310"
"09009194202",Census Tract 1942.02,Madison,New Haven,"0900944560"
"09009346102",Census Tract 3461.02,Oxford,New Haven,"0900958300"
"09009351100",Census Tract 3511,Waterbury,New Haven,"0900980070"
"09009361300",Census Tract 3613,Wolcott,New Haven,"0900987560"
"09009190303",Census Tract 1903.03,Guilford,New Haven,"0900934950"
"09009341100",Census Tract 3411,Beacon Falls,New Haven,"0900903250"
"09009343200",Census Tract 3432,Cheshire,New Haven,"0900914160"
"09009350800",Census Tract 3508,Waterbury,New Haven,"0900980070"
"09009351800",Census Tract 3518,Waterbury,New Haven,"0900980070"
"09009351000",Census Tract 3510,Waterbury,New Haven,"0900980070"
"09009351200",Census Tract 3512,Waterbury,New Haven,"0900980070"
"09009351300",Census Tract 3513,Waterbury,New Haven,"0900980070"
"09009351400",Census Tract 3514,Waterbury,New Haven,"0900980070"
"09009350900",Census Tract 3509,Waterbury,New Haven,"0900980070"
"09003980000",Census Tract 9800,Windsor Locks,Hartford,"0900387070"
"09009345100",Census Tract 3451,Naugatuck,New Haven,"0900949950"
"09009345202",Census Tract 3452.02,Naugatuck,New Haven,"0900949950"
"09009347100",Census Tract 3471,Prospect,New Haven,"0900962290"
"09009347200",Census Tract 3472,Prospect,New Haven,"0900962290"
"09009352200",Census Tract 3522,Waterbury,New Haven,"0900980070"
"09009352500",Census Tract 3525,Waterbury,New Haven,"0900980070"
"09009352600",Census Tract 3526,Waterbury,New Haven,"0900980070"
"09009352100",Census Tract 3521,Waterbury,New Haven,"0900980070"
"09015907200",Census Tract 9072,Plainfield,Windham,"0901559980"
"09005253200",Census Tract 2532,New Milford,Litchfield,"0900552630"
"09005349200",Census Tract 3492,Thomaston,Litchfield,"0900575730"
"09005362101",Census Tract 3621.01,Woodbury,Litchfield,"0900587910"
"09005320100",Census Tract 3201,Winchester,Litchfield,"0900586440"
"09005300400",Census Tract 3004,Litchfield,Litchfield,"0900543370"
"09005300500",Census Tract 3005,Litchfield,Litchfield,"0900543370"
"09005360100",Census Tract 3601,Watertown,Litchfield,"0900580490"
"09005425300",Census Tract 4253,Plymouth,Litchfield,"0900560750"
"09005261100",Census Tract 2611,Salisbury,Litchfield,"0900566420"
"09005253400",Census Tract 2534,New Milford,Litchfield,"0900552630"
"09005349100",Census Tract 3491,Thomaston,Litchfield,"0900575730"
"09005253500",Census Tract 2535,New Milford,Litchfield,"0900552630"
"09005296100",Census Tract 2961,Goshen,Litchfield,"0900532290"
"09005310601",Census Tract 3106.01,Torrington,Litchfield,"0900576570"
"09005306100",Census Tract 3061,New Hartford,Litchfield,"0900551350"
"09005263200",Census Tract 2632,Cornwall,Litchfield,"0900517240"
"09005300100",Census Tract 3001,Litchfield,Litchfield,"0900543370"
"09005362102",Census Tract 3621.02,Woodbury,Litchfield,"0900587910"
"09011715100",Census Tract 7151,Salem,New London,"0901166210"
"09013526102",Census Tract 5261.02,Hebron,Tolland,"0901337910"
"09013526101",Census Tract 5261.01,Hebron,Tolland,"0901337910"
"09013890202",Census Tract 8902.02,Stafford,Tolland,"0901372090"
"09013890201",Census Tract 8902.01,Union,Tolland,"0901377830"
"09009151000",Census Tract 1510,Milford,New Haven,"0900947535"
"09007542000",Census Tract 5420,Middletown,Middlesex,"0900747360"
"09007640100",Census Tract 6401,Killingworth,Middlesex,"0900740710"
"09007570300",Census Tract 5703,Cromwell,Middlesex,"0900718080"
"09007590100",Census Tract 5901,Haddam,Middlesex,"0900735230"
"09007560200",Census Tract 5602,Portland,Middlesex,"0900761800"
"09007560100",Census Tract 5601,Portland,Middlesex,"0900761800"
"09007670100",Census Tract 6701,Old Saybrook,Middlesex,"0900757320"
"09007542100",Census Tract 5421,Middletown,Middlesex,"0900747360"
"09007541200",Census Tract 5412,Middletown,Middlesex,"0900747360"
"09007620100",Census Tract 6201,Deep River,Middlesex,"0900719130"
"09007610100",Census Tract 6101,Clinton,Middlesex,"0900715350"
"09007670200",Census Tract 6702,Old Saybrook,Middlesex,"0900757320"
"09007570200",Census Tract 5702,Cromwell,Middlesex,"0900718080"
"09009120100",Census Tract 1201,Derby,New Haven,"0900919550"
"09009120200",Census Tract 1202,Derby,New Haven,"0900919550"
"09013881500",Census Tract 8815,Mansfield,Tolland,"0901344910"
"09013535100",Census Tract 5351,Ellington,Tolland,"0901325360"
"09003503700",Census Tract 5037,Hartford,Hartford,"0900337070"
"09003503800",Census Tract 5038,Hartford,Hartford,"0900337070"
"09003503900",Census Tract 5039,Hartford,Hartford,"0900337070"
"09003504000",Census Tract 5040,Hartford,Hartford,"0900337070"
"09003503500",Census Tract 5035,Hartford,Hartford,"0900337070"
"09007541402",Census Tract 5414.02,Middletown,Middlesex,"0900747360"
"09007541401",Census Tract 5414.01,Middletown,Middlesex,"0900747360"
"09007550202",Census Tract 5502.02,East Hampton,Middlesex,"0900722490"
"09007595102",Census Tract 5951.02,East Haddam,Middlesex,"0900722280"
"09007550201",Census Tract 5502.01,East Hampton,Middlesex,"0900722490"
"09007595101",Census Tract 5951.01,East Haddam,Middlesex,"0900722280"
"09007680200",Census Tract 6802,Middletown,Middlesex,"0900747360"
"09009361402",Census Tract 3614.02,New Haven,New Haven,"0900952070"
"09009348122",Census Tract 3481.22,Southbury,New Haven,"0900969640"
"09009348123",Census Tract 3481.23,Southbury,New Haven,"0900969640"
"09009348124",Census Tract 3481.24,Southbury,New Haven,"0900969640"
"09009348125",Census Tract 3481.25,Southbury,New Haven,"0900969640"
"09011870703",Census Tract 8707.03,East Lyme,New London,"0901123400"
"09011870502",Census Tract 8705.02,Montville,New London,"0901148900"
"09011870501",Census Tract 8705.01,Montville,New London,"0901148900"
"09011714103",Census Tract 7141.03,Colchester,New London,"0901115910"
"09011870200",Census Tract 8702,Groton,New London,"0901134250"
"09009150500",Census Tract 1505,Milford,New Haven,"0900947535"
"09009150400",Census Tract 1504,Milford,New Haven,"0900947535"
"09011690300",Census Tract 6903,New London,New London,"0901152350"
"09011690400",Census Tract 6904,New London,New London,"0901152350"
"09011690500",Census Tract 6905,New London,New London,"0901152350"
"09011690700",Census Tract 6907,New London,New London,"0901152350"
"09011690800",Census Tract 6908,New London,New London,"0901152350"
"09011690900",Census Tract 6909,New London,New London,"0901152350"
"09011693500",Census Tract 6935,Waterford,New London,"0901180280"
"09011693600",Census Tract 6936,Waterford,New London,"0901180280"
"09011696800",Census Tract 6968,Norwich,New London,"0901156270"
"09011697000",Census Tract 6970,Norwich,New London,"0901156270"
"09007610300",Census Tract 6103,Clinton,Middlesex,"0900715350"
"09011702300",Census Tract 7023,Groton,New London,"0901134250"
"09011702400",Census Tract 7024,Groton,New London,"0901134250"
"09001042600",Census Tract 426,Norwalk,Fairfield,"0900156060"
"09001042900",Census Tract 429,Norwalk,Fairfield,"0900156060"
"09001071000",Census Tract 710,Bridgeport,Fairfield,"0900108070"
"09001071100",Census Tract 711,Bridgeport,Fairfield,"0900108070"
"09001071200",Census Tract 712,Bridgeport,Fairfield,"0900108070"
"09001071300",Census Tract 713,Bridgeport,Fairfield,"0900108070"
"09001071400",Census Tract 714,Bridgeport,Fairfield,"0900108070"
"09003430100",Census Tract 4301,Southington,Hartford,"0900370550"
"09001071600",Census Tract 716,Bridgeport,Fairfield,"0900108070"
"09003487100",Census Tract 4871,South Windsor,Hartford,"0900371390"
"09001043400",Census Tract 434,Norwalk,Fairfield,"0900156060"
"09001043500",Census Tract 435,Norwalk,Fairfield,"0900156060"
"09001071900",Census Tract 719,Bridgeport,Fairfield,"0900108070"
"09001072000",Census Tract 720,Bridgeport,Fairfield,"0900108070"
"09001072200",Census Tract 722,Bridgeport,Fairfield,"0900108070"
"09001043600",Census Tract 436,Norwalk,Fairfield,"0900156060"
"09001072300",Census Tract 723,Bridgeport,Fairfield,"0900108070"
"09001072400",Census Tract 724,Bridgeport,Fairfield,"0900108070"
"09001072500",Census Tract 725,Bridgeport,Fairfield,"0900108070"
"09011705400",Census Tract 7054,Stonington,New London,"0901173770"
"09011716101",Census Tract 7161.01,East Lyme,New London,"0901123400"
"09011695202",Census Tract 6952.02,Montville,New London,"0901148900"
"09011711100",Census Tract 7111,Sprague,New London,"0901171670"
"09011705200",Census Tract 7052,Stonington,New London,"0901173770"
"09011701100",Census Tract 7011,Ledyard,New London,"0901142600"
"09001072600",Census Tract 726,Bridgeport,Fairfield,"0900108070"
"09001072700",Census Tract 727,Bridgeport,Fairfield,"0900108070"
"09001043900",Census Tract 439,Norwalk,Fairfield,"0900156060"
"09001043700",Census Tract 437,Norwalk,Fairfield,"0900156060"
"09001072800",Census Tract 728,Bridgeport,Fairfield,"0900108070"
"09011693300",Census Tract 6933,Waterford,New London,"0901180280"
"09011714101",Census Tract 7141.01,Colchester,New London,"0901115910"
"09011707100",Census Tract 7071,North Stonington,New London,"0901155500"
"09011701200",Census Tract 7012,Ledyard,New London,"0901142600"
"09011695201",Census Tract 6952.01,Montville,New London,"0901148900"
"09011650100",Census Tract 6501,Lyme,New London,"0901144210"
"09011696600",Census Tract 6966,Norwich,New London,"0901156270"
"09011693400",Census Tract 6934,Waterford,New London,"0901180280"
"09001044000",Census Tract 440,Norwalk,Fairfield,"0900156060"
"09001044100",Census Tract 441,Norwalk,Fairfield,"0900156060"
"09001044200",Census Tract 442,Norwalk,Fairfield,"0900156060"
"09001073000",Census Tract 730,Bridgeport,Fairfield,"0900108070"
"09001073200",Census Tract 732,Bridgeport,Fairfield,"0900108070"
"09001073300",Census Tract 733,Bridgeport,Fairfield,"0900108070"
"09001073400",Census Tract 734,Bridgeport,Fairfield,"0900108070"
"09001073500",Census Tract 735,Bridgeport,Fairfield,"0900108070"
"09001073700",Census Tract 737,Bridgeport,Fairfield,"0900108070"
"09001073800",Census Tract 738,Bridgeport,Fairfield,"0900108070"
"09001074300",Census Tract 743,Bridgeport,Fairfield,"0900108070"
"09001074400",Census Tract 744,Bridgeport,Fairfield,"0900108070"
"09001080100",Census Tract 801,Stratford,Fairfield,"0900174190"
"09001021600",Census Tract 216,Stamford,Fairfield,"0900173070"
"09001021700",Census Tract 217,Stamford,Fairfield,"0900173070"
"09001021801",Census Tract 218.01,Stamford,Fairfield,"0900173070"
"09001021802",Census Tract 218.02,Stamford,Fairfield,"0900173070"
"09001080200",Census Tract 802,Stratford,Fairfield,"0900174190"
"09001080500",Census Tract 805,Stratford,Fairfield,"0900174190"
"09001080600",Census Tract 806,Stratford,Fairfield,"0900174190"
"09001080700",Census Tract 807,Stratford,Fairfield,"0900174190"
"09001044300",Census Tract 443,Norwalk,Fairfield,"0900156060"
"09001044400",Census Tract 444,Norwalk,Fairfield,"0900156060"
"09001044500",Census Tract 445,Norwalk,Fairfield,"0900156060"
"09001044600",Census Tract 446,Norwalk,Fairfield,"0900156060"
"09001090700",Census Tract 907,Trumbull,Fairfield,"0900177200"
"09001110100",Census Tract 1101,Shelton,Fairfield,"0900168170"
"09001210300",Census Tract 2103,Danbury,Fairfield,"0900118500"
"09003497600",Census Tract 4976,West Hartford,Hartford,"0900382590"
"09001080900",Census Tract 809,Stratford,Fairfield,"0900174190"
"09007680100",Census Tract 6801,Westbrook,Middlesex,"0900781680"
"09013890100",Census Tract 8901,Stafford,Tolland,"0901372090"
"09013538201",Census Tract 5382.01,Somers,Tolland,"0901369220"
"09013533102",Census Tract 5331.02,Tolland,Tolland,"0901376290"
"09003504200",Census Tract 5042,Hartford,Hartford,"0900337070"
"09003504300",Census Tract 5043,Hartford,Hartford,"0900337070"
"09003504500",Census Tract 5045,Hartford,Hartford,"0900337070"
"09003504100",Census Tract 5041,Hartford,Hartford,"0900337070"
"09003504900",Census Tract 5049,Hartford,Hartford,"0900337070"
"09003400300",Census Tract 4003,Berlin,Hartford,"0900304300"
"09003510100",Census Tract 5101,East Hartford,Hartford,"0900322630"
"09013535200",Census Tract 5352,Ellington,Tolland,"0901325360"
"09013881200",Census Tract 8812,Mansfield,Tolland,"0901344910"
"09013530600",Census Tract 5306,Vernon,Tolland,"0901378250"
"09013881300",Census Tract 8813,Mansfield,Tolland,"0901344910"
"09013538100",Census Tract 5381,Somers,Tolland,"0901369220"
"09013860100",Census Tract 8601,Columbia,Tolland,"0901316400"
"09013538202",Census Tract 5382.02,Somers,Tolland,"0901369220"
"09013840100",Census Tract 8401,Willington,Tolland,"0901385950"
"09003502800",Census Tract 5028,Hartford,Hartford,"0900337070"
"09003502900",Census Tract 5029,Hartford,Hartford,"0900337070"
"09003502500",Census Tract 5025,Hartford,Hartford,"0900337070"
"09003503000",Census Tract 5030,Hartford,Hartford,"0900337070"
"09003503100",Census Tract 5031,Hartford,Hartford,"0900337070"
"09003502600",Census Tract 5026,Hartford,Hartford,"0900337070"
"09003502700",Census Tract 5027,Hartford,Hartford,"0900337070"
"09003497300",Census Tract 4973,West Hartford,Hartford,"0900382590"
"09003497400",Census Tract 4974,West Hartford,Hartford,"0900382590"
"09003497500",Census Tract 4975,West Hartford,Hartford,"0900382590"
